<environmentvariabledefinition schemaname="pvaspo_CogSearch_API_Key">
  <defaultvalue>API-KEY</defaultvalue>
  <description default="API key of Cognitive Search Service">
    <label description="API key of Cognitive Search Service" languagecode="1033" />
  </description>
  <displayname default="CogSearch_API_Key">
    <label description="CogSearch_API_Key" languagecode="1033" />
  </displayname>
  <introducedversion>1.0.0.0</introducedversion>
  <iscustomizable>1</iscustomizable>
  <isrequired>0</isrequired>
  <secretstore>0</secretstore>
  <type>100000000</type>
</environmentvariabledefinition>