{
  "properties": {
    "connectionReferences": {},
    "definition": {
      "$schema": "https://schema.management.azure.com/providers/Microsoft.Logic/schemas/2016-06-01/workflowdefinition.json#",
      "contentVersion": "1.0.0.0",
      "parameters": {
        "$authentication": {
          "defaultValue": {},
          "type": "SecureObject"
        },
        "CogSearch_API_Key (pvaspo_CogSearch_API_Key)": {
          "defaultValue": "<<CogSearch_API_Key>>",
          "type": "String",
          "metadata": {
            "schemaName": "pvaspo_CogSearch_API_Key",
            "description": "API key of Cognitive Search Service"
          }
        },
        "CogSearch_Search_URL (pvaspo_CogSearch_Search_URL)": {
          "defaultValue": "https://<<CogSearch_Search_URL>>/indexes/<<INDEX NAME>>/docs/search?api-version=2021-04-30-Preview",
          "type": "String",
          "metadata": {
            "schemaName": "pvaspo_CogSearch_Search_URL",
            "description": "Cognitive Search Service Url to perform search"
          }
        }
      },
      "triggers": {
        "manual": {
          "metadata": {
            "operationMetadataId": "f8ea6901-97c7-41d8-9093-7ae9cdf65ce9"
          },
          "type": "Request",
          "kind": "VirtualAgent",
          "inputs": {
            "schema": {
              "type": "object",
              "properties": {
                "text": {
                  "title": "InputTextToSearch",
                  "type": "string",
                  "x-ms-dynamically-added": true,
                  "description": "Please enter your input",
                  "x-ms-content-hint": "TEXT"
                }
              },
              "required": [
                "text"
              ]
            }
          }
        }
      },
      "actions": {
        "HTTP_-_Search_Documents_in_Blob": {
          "runAfter": {},
          "metadata": {
            "operationMetadataId": "d1516c70-1ec5-4d1e-9bba-9f567a4d176a"
          },
          "type": "Http",
          "inputs": {
            "method": "POST",
            "uri": "@parameters('CogSearch_Search_URL (pvaspo_CogSearch_Search_URL)')",
            "headers": {
              "api-key": "@parameters('CogSearch_API_Key (pvaspo_CogSearch_API_Key)')"
            },
            "body": {
              "search": "@{triggerBody()['text']}",
              "searchFields": "translated_text,content",
              "featuresMode": "enabled"
            }
          }
        },
        "Parse_JSON_-_Search_Results": {
          "runAfter": {
            "HTTP_-_Search_Documents_in_Blob": [
              "Succeeded"
            ]
          },
          "metadata": {
            "operationMetadataId": "43568af2-3576-49a0-89d1-34c2adb3f0bd"
          },
          "type": "ParseJson",
          "inputs": {
            "content": "@body('HTTP_-_Search_Documents_in_Blob')",
            "schema": {
              "type": "object",
              "properties": {
                "@@odata.context": {
                  "type": "string"
                },
                "value": {
                  "type": "array",
                  "items": {
                    "type": "object",
                    "properties": {
                      "@@search.score": {
                        "type": "number"
                      },
                      "@@search.features": {
                        "type": "object",
                        "properties": {}
                      },
                      "content": {
                        "type": "string"
                      },
                      "metadata_storage_content_type": {
                        "type": "string"
                      },
                      "metadata_storage_size": {
                        "type": "integer"
                      },
                      "metadata_storage_last_modified": {
                        "type": "string"
                      },
                      "metadata_storage_name": {
                        "type": "string"
                      },
                      "metadata_storage_path": {
                        "type": "string"
                      },
                      "metadata_storage_file_extension": {
                        "type": "string"
                      },
                      "metadata_language": {},
                      "metadata_creation_date": {},
                      "people": {
                        "type": "array",
                        "items": {
                          "type": "string"
                        }
                      },
                      "organizations": {
                        "type": "array",
                        "items": {
                          "type": "string"
                        }
                      },
                      "locations": {
                        "type": "array",
                        "items": {
                          "type": "string"
                        }
                      },
                      "keyphrases": {
                        "type": "array",
                        "items": {
                          "type": "string"
                        }
                      },
                      "language": {
                        "type": "string"
                      },
                      "translated_text": {
                        "type": "string"
                      },
                      "masked_text": {
                        "type": "string"
                      },
                      "merged_content": {
                        "type": "string"
                      },
                      "text": {
                        "type": "array",
                        "items": {
                          "type": "string"
                        }
                      },
                      "layoutText": {
                        "type": "array",
                        "items": {
                          "type": "string"
                        }
                      },
                      "imageTags": {
                        "type": "array",
                        "items": {
                          "type": "string"
                        }
                      },
                      "imageCaption": {
                        "type": "array",
                        "items": {
                          "type": "string"
                        }
                      },
                      "metadata_sharepoint_path": {},
                      "pii_entities": {
                        "type": "array",
                        "items": {
                          "type": "object",
                          "properties": {
                            "text": {
                              "type": "string"
                            },
                            "type": {
                              "type": "string"
                            },
                            "subtype": {
                              "type": [
                                "string",
                                "null"
                              ]
                            },
                            "offset": {
                              "type": "integer"
                            },
                            "length": {
                              "type": "integer"
                            },
                            "score": {
                              "type": "number"
                            }
                          },
                          "required": [
                            "text",
                            "type",
                            "subtype",
                            "offset",
                            "length",
                            "score"
                          ]
                        }
                      }
                    },
                    "required": [
                      "@@search.score",
                      "@@search.features",
                      "content",
                      "metadata_storage_content_type",
                      "metadata_storage_size",
                      "metadata_storage_last_modified",
                      "metadata_storage_name",
                      "metadata_storage_path",
                      "metadata_storage_file_extension",
                      "metadata_language",
                      "metadata_creation_date",
                      "people",
                      "organizations",
                      "locations",
                      "keyphrases",
                      "language",
                      "translated_text",
                      "masked_text",
                      "merged_content",
                      "text",
                      "layoutText",
                      "imageTags",
                      "imageCaption",
                      "metadata_sharepoint_path",
                      "pii_entities"
                    ]
                  }
                }
              }
            }
          }
        },
        "Return_value(s)_to_Power_Virtual_Agents": {
          "runAfter": {
            "Apply_to_each": [
              "Succeeded"
            ]
          },
          "metadata": {
            "operationMetadataId": "8046be6a-42cb-4652-b258-e89eaff9ece7"
          },
          "type": "Response",
          "kind": "VirtualAgent",
          "inputs": {
            "statusCode": 200,
            "body": {
              "searchresults": "@variables('varMarkDown')"
            },
            "schema": {
              "type": "object",
              "properties": {
                "searchresults": {
                  "title": "SearchResults",
                  "x-ms-dynamically-added": true,
                  "type": "string"
                }
              }
            }
          }
        },
        "Apply_to_each": {
          "foreach": "@body('Parse_JSON_-_Search_Results')?['value']",
          "actions": {
            "Append_to_string_variable": {
              "runAfter": {},
              "metadata": {
                "operationMetadataId": "bc532230-93e4-4fde-bd98-ff1afc798501"
              },
              "type": "AppendToStringVariable",
              "inputs": {
                "name": "varMarkDown",
                "value": "\n|@{variables('varIndex')}|[@{items('Apply_to_each')?['metadata_storage_name']}](@{items('Apply_to_each')?['metadata_sharepoint_path']})|"
              }
            },
            "Increment_variable": {
              "runAfter": {
                "Append_to_string_variable": [
                  "Succeeded"
                ]
              },
              "metadata": {
                "operationMetadataId": "f5be542d-b3b0-492d-bc33-6d06f89d13d5"
              },
              "type": "IncrementVariable",
              "inputs": {
                "name": "varIndex",
                "value": 1
              }
            }
          },
          "runAfter": {
            "Initialize_variable": [
              "Succeeded"
            ]
          },
          "metadata": {
            "operationMetadataId": "6c9ab38f-fc88-4173-96ee-40adc0026770"
          },
          "type": "Foreach"
        },
        "Initialize_variable_-_Markdown": {
          "runAfter": {
            "Parse_JSON_-_Search_Results": [
              "Succeeded"
            ]
          },
          "metadata": {
            "operationMetadataId": "5edd5d4f-36e6-4641-882b-950cec6b468c"
          },
          "type": "InitializeVariable",
          "inputs": {
            "variables": [
              {
                "name": "varMarkDown",
                "type": "string",
                "value": "# Search Results for '@{triggerBody()['text']}' \nResults found in @{length(body('Parse_JSON_-_Search_Results')?['value'])}  files.\n\n###  Top 5 results are displayed.\n\n|Number|File Name |\n|---------|--------------------------------------|"
              }
            ]
          }
        },
        "Initialize_variable": {
          "runAfter": {
            "Initialize_variable_-_Markdown": [
              "Succeeded"
            ]
          },
          "metadata": {
            "operationMetadataId": "8254f0d4-b5f0-4ac9-a212-2ee957a1c5fb"
          },
          "type": "InitializeVariable",
          "inputs": {
            "variables": [
              {
                "name": "varIndex",
                "type": "integer",
                "value": 1
              }
            ]
          }
        }
      },
      "outputs": {}
    }
  },
  "schemaVersion": "1.0.0.0"
}