<environmentvariabledefinition schemaname="pvaspo_CogSearch_RunIndexer_Url">
  <defaultvalue>https://COGSEARCH URL/indexers/INDEXER NAME/run?api-version=2021-04-30-Preview</defaultvalue>
  <displayname default="CogSearch_RunIndexer_Url">
    <label description="CogSearch_RunIndexer_Url" languagecode="1033" />
  </displayname>
  <introducedversion>1.0.0.0</introducedversion>
  <iscustomizable>1</iscustomizable>
  <isrequired>0</isrequired>
  <secretstore>0</secretstore>
  <type>100000000</type>
</environmentvariabledefinition>