<environmentvariabledefinition schemaname="pvaspo_CogSearch_Search_URL">
  <defaultvalue>https://COGSEARCH URL/indexes/INDEX NAME/docs/search?api-version=2021-04-30-Preview</defaultvalue>
  <description default="Cognitive Search Service Url to perform search">
    <label description="Cognitive Search Service Url to perform search" languagecode="1033" />
  </description>
  <displayname default="CogSearch_Search_URL">
    <label description="CogSearch_Search_URL" languagecode="1033" />
  </displayname>
  <introducedversion>1.0.0.0</introducedversion>
  <iscustomizable>1</iscustomizable>
  <isrequired>0</isrequired>
  <secretstore>0</secretstore>
  <type>100000000</type>
</environmentvariabledefinition>