<environmentvariabledefinition schemaname="pvaspo_CogSearch_GetIndexerStatus_URL">
  <defaultvalue>https://COGSEARCH URL/indexers/INDEXER NAME/status?api-version=2021-04-30-Preview</defaultvalue>
  <description default="Gets the status of the indexer refresh">
    <label description="Gets the status of the indexer refresh" languagecode="1033" />
  </description>
  <displayname default="CogSearch_GetIndexerStatus_URL">
    <label description="CogSearch_GetIndexerStatus_URL" languagecode="1033" />
  </displayname>
  <introducedversion>1.0.0.0</introducedversion>
  <iscustomizable>1</iscustomizable>
  <isrequired>0</isrequired>
  <secretstore>0</secretstore>
  <type>100000000</type>
</environmentvariabledefinition>