<bot_botcomponentset>
  <bot_botcomponent botcomponentid.schemaname="new_customtype_1e1e7aa71adb47b8a7e1b039aa16bb3e_92610204747047ac8f788f7eecd91118" botid.schemaname="new_bot_1e1e7aa71adb47b8a7e1b039aa16bb3e">
    <iscustomizable>1</iscustomizable>
  </bot_botcomponent>
  <bot_botcomponent botcomponentid.schemaname="new_customtype_1e1e7aa71adb47b8a7e1b039aa16bb3e_f86fcadfd497444e91ed11c12b059d10" botid.schemaname="new_bot_1e1e7aa71adb47b8a7e1b039aa16bb3e">
    <iscustomizable>1</iscustomizable>
  </bot_botcomponent>
  <bot_botcomponent botcomponentid.schemaname="new_topic_1e1e7aa71adb47b8a7e1b039aa16bb3e_21a34f1673a24096a99ba0effb63cc1d" botid.schemaname="new_bot_1e1e7aa71adb47b8a7e1b039aa16bb3e">
    <iscustomizable>1</iscustomizable>
  </bot_botcomponent>
  <bot_botcomponent botcomponentid.schemaname="new_topic_1e1e7aa71adb47b8a7e1b039aa16bb3e_33d5123770ba4daeafae51b361ddc80a" botid.schemaname="new_bot_1e1e7aa71adb47b8a7e1b039aa16bb3e">
    <iscustomizable>1</iscustomizable>
  </bot_botcomponent>
  <bot_botcomponent botcomponentid.schemaname="new_topic_1e1e7aa71adb47b8a7e1b039aa16bb3e_3d2584ec30914684839527e05e7be172_thankyou" botid.schemaname="new_bot_1e1e7aa71adb47b8a7e1b039aa16bb3e">
    <iscustomizable>1</iscustomizable>
  </bot_botcomponent>
  <bot_botcomponent botcomponentid.schemaname="new_topic_1e1e7aa71adb47b8a7e1b039aa16bb3e_85df75ce08a44a9b82cc8f3fdb25f669" botid.schemaname="new_bot_1e1e7aa71adb47b8a7e1b039aa16bb3e">
    <iscustomizable>1</iscustomizable>
  </bot_botcomponent>
  <bot_botcomponent botcomponentid.schemaname="new_topic_1e1e7aa71adb47b8a7e1b039aa16bb3e_8a4964498f83424bb3a86295bf7d0952_startover" botid.schemaname="new_bot_1e1e7aa71adb47b8a7e1b039aa16bb3e">
    <iscustomizable>1</iscustomizable>
  </bot_botcomponent>
  <bot_botcomponent botcomponentid.schemaname="new_topic_1e1e7aa71adb47b8a7e1b039aa16bb3e_954135cafcd647eaae5999ad91fc08cf_talktoagent" botid.schemaname="new_bot_1e1e7aa71adb47b8a7e1b039aa16bb3e">
    <iscustomizable>1</iscustomizable>
  </bot_botcomponent>
  <bot_botcomponent botcomponentid.schemaname="new_topic_1e1e7aa71adb47b8a7e1b039aa16bb3e_aeabea4d071f415c8c107e1cb7af5424_assumedsuccess" botid.schemaname="new_bot_1e1e7aa71adb47b8a7e1b039aa16bb3e">
    <iscustomizable>1</iscustomizable>
  </bot_botcomponent>
  <bot_botcomponent botcomponentid.schemaname="new_topic_1e1e7aa71adb47b8a7e1b039aa16bb3e_ba7b967c97ba4c39bca58a8bb6a72d59_conversationstart" botid.schemaname="new_bot_1e1e7aa71adb47b8a7e1b039aa16bb3e">
    <iscustomizable>1</iscustomizable>
  </bot_botcomponent>
  <bot_botcomponent botcomponentid.schemaname="new_topic_1e1e7aa71adb47b8a7e1b039aa16bb3e_d2198a5ee41a48a5bf70ab8970145a9f_confirmedfailure" botid.schemaname="new_bot_1e1e7aa71adb47b8a7e1b039aa16bb3e">
    <iscustomizable>1</iscustomizable>
  </bot_botcomponent>
  <bot_botcomponent botcomponentid.schemaname="new_topic_1e1e7aa71adb47b8a7e1b039aa16bb3e_db1f76b081dc43389df9dd2df7518737_confirmedsuccess" botid.schemaname="new_bot_1e1e7aa71adb47b8a7e1b039aa16bb3e">
    <iscustomizable>1</iscustomizable>
  </bot_botcomponent>
  <bot_botcomponent botcomponentid.schemaname="new_topic_1e1e7aa71adb47b8a7e1b039aa16bb3e_dbafebd526364487911b63a2a774389f" botid.schemaname="new_bot_1e1e7aa71adb47b8a7e1b039aa16bb3e">
    <iscustomizable>1</iscustomizable>
  </bot_botcomponent>
  <bot_botcomponent botcomponentid.schemaname="new_topic_1e1e7aa71adb47b8a7e1b039aa16bb3e_f56d1a3e522740c78f9fac0939332dbd_goodbye" botid.schemaname="new_bot_1e1e7aa71adb47b8a7e1b039aa16bb3e">
    <iscustomizable>1</iscustomizable>
  </bot_botcomponent>
  <bot_botcomponent botcomponentid.schemaname="new_topic_5284ee032833496f8119da0b7a50981c" botid.schemaname="new_bot_1e1e7aa71adb47b8a7e1b039aa16bb3e">
    <iscustomizable>1</iscustomizable>
  </bot_botcomponent>
</bot_botcomponentset>